<?xml version="1.0" encoding="UTF-8"?>
<auti>
    <auto>
        <model>Tesla Model S</model>
        <posebnost>Autonomna vožnja</posebnost>
        <gorivo>Električno</gorivo>
        <broj_vrata>4</broj_vrata>
        <elektricni>Da</elektricni>
    </auto>
    <auto>
        <model>BMW M4</model>
        <posebnost>Sportske performanse</posebnost>
        <gorivo>Benzin</gorivo>
        <broj_vrata>2</broj_vrata>
        <elektricni>Ne</elektricni>
    </auto>
    <auto>
        <model>Volkswagen Golf</model>
        <posebnost>Praktičnost za grad</posebnost>
        <gorivo>Dizel</gorivo>
        <broj_vrata>5</broj_vrata>
        <elektricni>Ne</elektricni>
    </auto>
    <auto>
        <model>Renault Zoe</model>
        <posebnost>Ekološki prihvatljiv</posebnost>
        <gorivo>Električno</gorivo>
        <broj_vrata>5</broj_vrata>
        <elektricni>Da</elektricni>
    </auto>
</auti>
