<?xml version="1.0" encoding="UTF-8"?>
<auti>
    <auto>
        <model>Tesla Model S</model>
        <proizvodac>Tesla</proizvodac>
        <godina>2020</godina>
        <kategorija>Limuzina</kategorija>
    </auto>
    <auto>
        <model>BMW M4</model>
        <proizvodac>BMW</proizvodac>
        <godina>2019</godina>
        <kategorija>Sportski</kategorija>
    </auto>
    <auto>
        <model>Volkswagen Golf</model>
        <proizvodac>Volkswagen</proizvodac>
        <godina>2018</godina>
        <kategorija>Kompaktni</kategorija>
    </auto>
    <auto>
        <model>Renault Zoe</model>
        <proizvodac>Renault</proizvodac>
        <godina>2021</godina>
        <kategorija>Električni</kategorija>
    </auto>
</auti>
